TeamID,Team,Conference,City,Games,Wins,Losses,WinRate
1,Lions,East,Tokyo,82,68,14,0.8292682926829268
2,Tigers,West,Osaka,82,58,24,0.7073170731707317
3,Eagles,East,Sendai,82,44,38,0.5365853658536586
4,Sharks,West,Fukuoka,82,37,45,0.45121951219512196
5,Wolves,East,Sapporo,82,50,32,0.6097560975609756
6,Bulls,West,Nagoya,82,68,14,0.8292682926829268
